seller_id,total_orders,late_orders,late_share_percentage
54965bbe3e4f07ae045b90b0b8541f52,73,22,30.14
a49928bcdf77c55c6d6e05e09a9b4ca5,96,25,26.04
beadbee30901a7f61d031b6b686095ad,64,16,25.0
06a2c3af7b3aee5d69171b0e14f0ee87,389,90,23.14
cac4c8e7b1ca6252d8f20b2fc1a2e4af,74,17,22.97
6039e27294dc75811c0d8a39069f52c0,63,14,22.22
1ca7077d890b907f89be8c954a02686a,108,24,22.22
712e6ed8aa4aa1fa65dab41fed5737e4,77,17,22.08
ea566164622c6b439516ab18062c42cd,50,11,22.0
d13e50eaa47b4cbe9eb81465865d8cfc,66,14,21.21
2a261b5b644fa05f4f2700eb93544f2c,51,10,19.61
88460e8ebdecbfecb5f9601833981930,246,48,19.51
e5a3438891c0bfdb9394643f95273d8e,216,40,18.52
cd68562d3f44870c08922d380acae552,122,22,18.03
b17b679f4f5ce2e03ce6968c62648246,50,9,18.0
002100f778ceb8431b7a1020ff7ab48f,50,9,18.0
891071be6ba827b591264c90c2ae8a63,85,15,17.65
d20b021d3efdf267a402c402a48ea64b,86,15,17.44
6973a06f484aacf400ece213dbf3d946,89,15,16.85
8e6d7754bc7e0f22c96d255ebda59eba,84,14,16.67
8160255418d5aaa7dbdc9f4c64ebda44,380,63,16.58
bbad7e518d7af88a0897397ffdca1979,68,11,16.18
2c9e548be18521d1c43cde1c582c6de8,124,20,16.13
a6fe7de3d16f6149ffe280349a8535a0,50,8,16.0
0b35c634521043bf4b47e21547b99ab5,50,8,16.0
adbc26658d6c7b4b6219f9d934598091,88,14,15.91
05f51e13da97139648b8125c31e5f51b,57,9,15.79
11bfa66332777660bd0640ee84d47006,76,12,15.79
75d34ebb1bd0bd7dde40dd507b8169c3,57,9,15.79
dd7ddc04e1b6c2c614352b383efe2d36,121,19,15.7
ba143b05f0110f0dc71ad71b4466ce92,83,13,15.66
f7ba60f8c3f99e7ee4042fdef03b70c4,218,34,15.6
431af27f296bc6519d890aa5a05fdb11,116,18,15.52
8f2ce03f928b567e3d56181ae20ae952,151,23,15.23
a888faf2d1baececa6baf9c3d603ee1f,53,8,15.09
23613d49c3ac2bd302259e55c06c050c,69,10,14.49
f3da5b2ff499efb8d4a6d371d175d7dd,77,11,14.29
7ad32824caee82087b3e2e5f33b1bf32,147,21,14.29
c31eff8334d6b3047ed34bebd4d62c36,120,17,14.17
b561927807645834b59ef0d16ba55a24,85,12,14.12
fffd5413c0700ac820c7069d66d98c89,57,8,14.04
50c9975695009e5e6473912e83a6d1da,50,7,14.0
855668e0971d4dfd7bef1b6a4133b41b,300,42,14.0
048c2757535328e0d7dac690ad3c0aae,50,7,14.0
900ba814c251a692506d7834c1218441,86,12,13.95
2eb70248d66e0e3ef83659f71b244378,187,26,13.9
b2479f944e1b90cf8a5de1bbfde284d6,101,14,13.86
1eade46fba20122dc4aefb379f8c636b,58,8,13.79
7681ef142fd2c19048da7430856b5588,58,8,13.79
7aa4334be125fcdd2ba64b3180029f14,214,29,13.55
f84fa566034f5e8e880a07ec624c56af,89,12,13.48
6fd52c528dcb38be2eea044946b811f8,67,9,13.43
2e90cb1677d35cfe24eef47d441b7c87,127,17,13.39
440dd6ab244315c632130ecfb63827b1,91,12,13.19
06579cb253ecd5a3a12a9e6eb6bf8f47,61,8,13.11
b499c00f28f4b7069ff6550af8c1348a,147,19,12.93
e62b2d6ac10570a035a30bafcf01d263,62,8,12.9
7e1fb0a3ebfb01ffb3a7dae98bf3238d,155,20,12.9
5058e8c1e82653974541e83690655b4a,62,8,12.9
59b22a78efb79a4797979612b885db36,125,16,12.8
b33e7c55446eabf8fe1a42d037ac7d6d,149,19,12.75
a416b6a846a11724393025641d4edd5e,157,20,12.74
3df020b72d3d44b3af9d110fa3940b65,55,7,12.73
f46490624488d3ff7ce78613913a7711,80,10,12.5
643214e62b870443ccbe55ab29a4dccf,65,8,12.31
7d13fca15225358621be4086e1eb0964,558,68,12.19
b1fc4f64df5a0e8b6913ab38803c57a9,107,13,12.15
7e3f87d16fb353f408d467e74fbd8014,91,11,12.09
23d7c96d4a1160db1c726b248601b25a,50,6,12.0
165fc07beebdcb6190fba8a06db2a449,50,6,12.0
04308b1ee57b6625f47df1d56f00eedf,92,11,11.96
cfb1a033743668a192316f3c6d1d2671,143,17,11.89
897060da8b9a21f655304d50fd935913,304,36,11.84
c3867b4666c7d76867627c2f7fb22e21,228,27,11.84
0dd184061fb0eaa7ca37932c68ab91c5,161,19,11.8
0d85bbda9889ce1f7e63778d24f346eb,51,6,11.76
1835b56ce799e6a4dc4eddc053f04066,417,49,11.75
729f06993dac8e860d4f02d7088ca48a,94,11,11.7
3db66a856d18a9cba7c9241fc5221c50,94,11,11.7
34056b8b55c1775a22af2331670a799c,77,9,11.69
7d76b645482be4a332374e8223836592,172,20,11.63
4869f7a5dfa277a7dca6462dcf3b52b2,1124,130,11.57
b14db04aa7881970e83ffa9426897925,78,9,11.54
77530e9772f57a62c906e1c21538ab82,312,36,11.54
8b28d096634035667e8263d57ba3368c,139,16,11.51
f84a00e60c73a49e7e851c9bdca3a5bb,88,10,11.36
a673821011d0cec28146ea42f5ab767f,125,14,11.2
99eaacc9e6046db1c82b163c5f84869f,63,7,11.11
d9bd94811c3338dceb4181f3dbc0c73e,54,6,11.11
972d0f9cf61b499a4812cf0bfa3ad3c4,81,9,11.11
e9bc59e7b60fc3063eb2290deda4cced,209,23,11.0
4a3ca9315b744ce9f8e9374361493884,1772,195,11.0
ce248b21cb2adc36282ede306b7660e5,64,7,10.94
056b4ada5bbc2c50cc7842547dda6b51,64,7,10.94
70a12e78e608ac31179aea7f8422044b,312,34,10.9
aba1721a889e04decc910aa13b768ef4,83,9,10.84
16090f2ca825584b5a147ab24aa30c86,398,43,10.8
e9d99831abad74458942f21e16f33f92,130,14,10.77
8648b1e89e9b349e32d3741b30ec737e,93,10,10.75
f27e33c6d29b5138fa9967bcd445b6d5,93,10,10.75
4e922959ae960d389249c378d1c939f5,412,44,10.68
f5a590cf36251cf1162ea35bef76fe84,113,12,10.62
9c0e69c7bf2619675bbadf47b43f655a,151,16,10.6
1f50f920176fa81dab994f9023523100,1399,148,10.58
8d956fec2e4337affcb520f56fd8cbfd,210,22,10.48
522620dcb18a6b31cd7bdf73665113a9,172,18,10.47
f0b47fbbc6dee9aafe415a6e33051b3f,67,7,10.45
8b321bb669392f5163d04c59e235e066,930,97,10.43
ea8482cd71df3c1969d7b9473ff13abc,1132,118,10.42
391fc6631aebcf3004804e51b40bcf1e,521,54,10.36
1900267e848ceeba8fa32d80c1a5f5a8,406,42,10.34
ececbfcff9804a2d6b40f589df8eef2b,97,10,10.31
c9c7905cffc4ef9ff9f113554423e671,127,13,10.24
fa1c13f2614d7b5c4749cbc52fecda94,578,59,10.21
634964b17796e64304cadf1ad3050fb7,265,27,10.19
f7ccf836d21b2fb1de37564105216cc1,69,7,10.14
e59aa562b9f8076dd550fcddf0e73491,69,7,10.14
fd386aa7bed2af3c7035c65506c9b4a3,69,7,10.14
d673a59aac7a70d8b01e6902bf090a11,79,8,10.13
37515688008a7a40ac93e3b2e4ab203f,227,23,10.13
1025f0e2d44d7041d6cf58b6550e0bfa,910,92,10.11
4c2b230173bb36f9b240f2b8ac11786e,258,26,10.08
a3e9a2c700480d9bb01fba070ba80a0e,129,13,10.08
7c67e1448b00f6e969d365cea6b010ab,973,98,10.07
8581055ce74af1daba164fdbd55a40de,379,38,10.03
5343d0649eca2a983820bfe93fc4d17e,70,7,10.0
527801b552d0077ffd170872eb49683b,90,9,10.0
620c87c171fb2a6dd6e8bb4dec959fc6,722,72,9.97
de23c3b98a88888289c6f5cc1209054a,161,16,9.94
1d8dbc4f32378d715c717c1c1fc57bae,91,9,9.89
827f8f69dfa529c561901c4f2e0f332f,91,9,9.89
318f287a62ab7ac10b703ac37435a231,51,5,9.8
7040e82f899a04d1b434b795a43b4617,208,20,9.62
54a1852d1b8f10312c55e906355666ee,198,19,9.6
6a8b085f816a1f75f92dbac6eb545f8f,125,12,9.6
aac29b1b99776be73c3049939652091d,94,9,9.57
c826c40d7b19f62a09e2d7c5e7295ee2,346,33,9.54
8e8a7ce9f2f970dc00e2acf6f6e199f6,63,6,9.52
f262cbc1c910c83959f849465454ddd3,189,18,9.52
1336efc61c316ddf92c899eb817f7cae,74,7,9.46
6860153b69cc696d5dcfe1cdaaafcf62,74,7,9.46
218d46b86c1881d022bce9c68a7d4b15,382,36,9.42
4a3ccda38b2129705f3fb522db62ca31,64,6,9.38
76d5af76d0271110f9af36c92573f765,128,12,9.38
e067ad2c1c0b48758eb1b5228bcf7a68,54,5,9.26
e5a38146df062edaf55c38afa99e42dc,120,11,9.17
d05ae8f7a5bd1d2a690a44cd079e4e27,77,7,9.09
70c27847eca8195c983ed7e798c56743,77,7,9.09
98dac6635aee4995d501a3972e047414,89,8,8.99
ce7d1888639e6fb06b2749cbfdac1ff7,78,7,8.97
a420f60ff1aa9acc80d0e42959f2b313,67,6,8.96
b2ba3715d723d245138f291a6fe42594,324,29,8.95
17f51e7198701186712e53a39c564617,56,5,8.93
00ee68308b45bc5e2660cd833c3f81cc,135,12,8.89
d1c281d3ae149232351cd8c8cc885f0d,214,19,8.88
fe2032dab1a61af8794248c8196565c9,293,26,8.87
cbd996ad3c1b7dc71fd0e5f5df9087e2,160,14,8.75
3be634553519fb6536a03e1358e9fdc7,80,7,8.75
688756f717c462a206ad854c5027a64a,81,7,8.64
7ddcbb64b5bc1ef36ca8c151f6ec77df,325,28,8.62
5d0363b33554b373851fc1622e4d5f3c,93,8,8.6
ef0ace09169ac090589d85746e3e036f,128,11,8.59
213b25e6f54661939f11710a6fddb871,152,13,8.55
ef506c96320abeedfb894c34db06f478,316,27,8.54
17e34d8224d27a541263c4c64b11a56b,247,21,8.5
c70c1b0d8ca86052f45a432a38b73958,260,22,8.46
004c9cd9d87a3c30c522c48c4fc07416,156,13,8.33
7142540dd4c91e2237acb7e911c4eba2,316,26,8.23
aced59e9b31ef866a94f9e7f29d8d418,61,5,8.2
92eb0f42c21942b6552362b9b114707d,334,27,8.08
17a053fcb14bd219540cbde0df490be0,124,10,8.06
951e8cef368f09bb3f3d03c00ca4702c,62,5,8.06
715bbd5ba4e6b74cb0d2f29eb45058b0,62,5,8.06
bd0389da23d89b726abf911cccc54596,87,7,8.05
8e6cc767478edae941d9bd9eb778d77a,100,8,8.0
a17f621c590ea0fab3d5d883e1630ec6,63,5,7.94
4c18691b6037662be2df78a765d98ab5,63,5,7.94
4371b634e0efc0e22b09b52907d9d469,101,8,7.92
3c7c4a49ec3c6550809089c6a2ca9370,139,11,7.91
edb1ef5e36e0c8cd84eb3c9b003e486d,165,13,7.88
e24fc9fcd865784fb25705606fe3dfe7,51,4,7.84
4b9750c8ad28220fe6702d4ecb7c898f,217,17,7.83
42b729f859728f5079499127a9c2ef37,103,8,7.77
955fee9216a65b617aa5c0531780ce60,1261,98,7.77
2a7dc43cecabf23403078e2188437d1d,52,4,7.69
f214d28e8d8e3ef068748498ccc2f813,52,4,7.69
624f4ece8da4aafb77699233d480f8ef,52,4,7.69
da8622b14eb17ae2831f4ac5b9dab84a,1311,100,7.63
ccc4bbb5f32a6ab2b7066a4130f114e3,184,14,7.61
f45122a9ab94eb4f3f8953578bc0c560,184,14,7.61
5656537e588803a555b8eb41f07a944b,171,13,7.6
1bb2bdb95f4841f1bba2c0d2cd83d3c9,79,6,7.59
70eea00b476a314817cefde4aad4f89a,106,8,7.55
48436dade18ac8b2bce089ec2a041202,134,10,7.46
66922902710d126a0e7d26b0e3805106,150,11,7.33
e9779976487b77c6d4ac45f75ec7afe9,645,47,7.29
7ea5bfa6c340f58f8e71fc1f0412b0d6,96,7,7.29
7a241947449cc45dbfda4f9d0798d9d0,56,4,7.14
d50d79cb34e38265a8649c383dcffd48,70,5,7.14
c8b0e2b0a7095e5d8219575d5e7e1181,84,6,7.14
4992e76a42cb3aad7a7047e0d3d7e729,56,4,7.14
8a130737016f838139d31878787a39c9,56,4,7.14
45d33f715e24d15a6ccf5c17b3a23e3c,56,4,7.14
25c5c91f63607446a97b143d2d535d31,156,11,7.05
d650b663c3b5f6fb392b6326366efa9a,57,4,7.02
640e21a7d01df7614a3b4923e990d40c,115,8,6.96
3b15288545f8928d3e65a8f949a28291,101,7,6.93
1554a68530182680ad5c8b042c3ab563,246,17,6.91
6d803cb79cc31c41c4c789a75933b3c7,58,4,6.9
0509040ea3fe50071181bbc359eb7738,87,6,6.9
4830e40640734fc1c52cd21127c341d4,204,14,6.86
a7f13822ceb966b076af67121f87b063,73,5,6.85
2e1c9f22be269ef4643f826c9e650a52,161,11,6.83
701938c450705b8ae65fc923b70f35c7,74,5,6.76
08633c14ef2db992c11f840f04fad4cd,74,5,6.76
001cca7ae9ae17fb1caed9dfb1094831,195,13,6.67
c003204e1ab016dfa150abc119207b24,195,13,6.67
dc4a0fc896dc34b0d5bfec8438291c80,225,15,6.67
058fd0aa2bfdb2274e05e1ae971dabb6,60,4,6.67
0adac9fbd9a2b63cccaac4f8756c1ca8,106,7,6.6
b6d44737c043328708f6749c2dbe50bd,61,4,6.56
116ccb1a1604bc88e4d234a8c23f33de,61,4,6.56
46dc3b2cc0980fb8ec44634e21d2718e,503,33,6.56
4e17c65a516f69d023a2ae78b84f28d6,61,4,6.56
d6b1ce66b035a475f00c017792ff9769,92,6,6.52
8444e55c1f13cd5c179851e5ca5ebd00,92,6,6.52
59fb871bf6f4522a87ba567b42dafecf,123,8,6.5
f4aba7c0bca51484c30ab7bdc34bcdd1,108,7,6.48
850f4f8af5ea87287ac68de36e29107f,186,12,6.45
05d2173d43ea568aa0540eba70d2ca76,62,4,6.45
5f1dc28029d2c244352a68107ec2b542,62,4,6.45
6560211a19b47992c3666cc44a7e94c0,1819,117,6.43
41b39e28db005d9731d9d485a83b4c38,187,12,6.42
18a349e75d307f4b4cc646a691ed4216,109,7,6.42
0be8ff43f22e456b4e0371b2245e4d01,156,10,6.41
5b925e1d006e9476d738aa200751b73b,63,4,6.35
96493fab2fbb13a14d0c0e8772eef5c3,63,4,6.35
1b4c3a6f53068f0b6944d2d005c9fc89,111,7,6.31
d91fb3b7d041e83b64a00a3edfb37e4f,524,33,6.3
128639473a139ac0f3e5f5ade55873a5,527,33,6.26
01fdefa7697d26ad920e9e0346d4bd1b,128,8,6.25
fa40cc5b934574b62717c68f3d678b6d,304,19,6.25
5dceca129747e92ff8ef7a997dc4f8ca,322,20,6.21
f457c46070d02cadd8a68551231220dd,195,12,6.15
cc419e0650a3c5ba77189a1882b7556a,1651,101,6.12
6d66611d7c44cc30ce351abc49a68421,164,10,6.1
ceaec5548eefc6e23e6607c5435102e7,198,12,6.06
8cbac7e12637ed9cffa18c7875207478,66,4,6.06
834f3294fba9f932f56edc879193f925,66,4,6.06
79ebd9a61bac3eaf882805ed4ecfa12a,133,8,6.02
09f952a5f58d2285b0372551ae8f9b01,50,3,6.0
95f83f51203c626648c875dd41874c7f,50,3,6.0
5f2684dab12e59f83bef73ae57724e45,67,4,5.97
7a67c85e85bb2ce8582c35f2203ad736,1145,68,5.94
3d871de0142ce09b7081e2b9d1733cb1,1064,63,5.92
9b013e03b2ab786505a1d3b5c0756754,170,10,5.88
7202e2ba20579a9bd1acb29e61fe71f6,51,3,5.88
0241d4d5d36f10f80c644447315af0bd,238,14,5.88
e333046ce6517bd8bb510291d44f0130,68,4,5.88
dbd66278cbfe1aa1000f90a217ca4695,85,5,5.88
cca3071e3e9bb7d12640c9fbe2301306,699,41,5.87
6edacfd9f9074789dad6d62ba7950b9c,205,12,5.85
5a8e7d5003a1f221f9e1d6e411de7c23,137,8,5.84
d2374cbcbb3ca4ab1086534108cc3ab7,514,30,5.84
2ff97219cb8622eaf3cd89b7d9c09824,87,5,5.75
1da3aeb70d7989d1e6d9b0e887f97c23,261,15,5.75
dd2bdf855a9172734fbc3744021ae9b9,105,6,5.71
a1043bafd471dff536d0c462352beb48,702,40,5.7
537eb890efff034a88679788b647c564,158,9,5.7
25e6ffe976bd75618accfe16cefcbd0d,106,6,5.66
d9a84e1403de8da0c3aa531d6d108ba6,53,3,5.66
7e93a43ef30c4f03f38b393420bc753a,319,18,5.64
1a3df491d1c4f1589fc2b934ada68bf2,160,9,5.63
87142160b41353c4e5fca2360caf6f92,305,17,5.57
81a1104df0f08b59c68aa5b03cfe398e,72,4,5.56
0c8380b62e38e8a1e6adbeba7eb9688c,180,10,5.56
1c129092bf23f28a5930387c980c0dfc,200,11,5.5
7d456afc660226829370f3173d14520c,55,3,5.45
dc317f341ab0e22f39acbd9dbf9b4a1f,55,3,5.45
dee656f0f566ed1aa85bd137c943f08f,92,5,5.43
2138ccb85b11a4ec1e37afbd1c8eda1f,388,21,5.41
516e7738bd8f735ac19a010ee5450d8d,74,4,5.41
53e4c6e0f4312d4d2107a8c9cddf45cd,463,25,5.4
3078096983cf766a32a06257648502d1,56,3,5.36
3bdff180c7e1f6551a643b99c265a120,56,3,5.36
8f119a0aee85c0c8fc534629734e94fd,75,4,5.33
1f9ab4708f3056ede07124aad39a2554,76,4,5.26
8a432f4e5b471f8da497d7dc517666e2,95,5,5.26
05ff92fedb5be47920fea08e501238b9,57,3,5.26
bfd27a966d91cfaafdb25d076585f0da,114,6,5.26
813348c996469b40f2e028d5429d3495,172,9,5.23
670c26e0f1bf8d0576271d5cfaec6d2b,77,4,5.19
f80edd2c5aaa505cc4b0a3b219abf4b8,116,6,5.17
f8db351d8c4c4c22c6835c19a46f01b0,659,34,5.16
282f23a9769b2690c5dda22e316f9941,98,5,5.1
9f505651f4a6abe901a56cdc21508025,393,20,5.09
f7720c4fa8e3aba4546301ab80ea1f1b,59,3,5.08
01cf7e3d21494c41fb86034f2e714fa1,59,3,5.08
2528513dd95219a6013d4d05176e391a,160,8,5.0
e8b3a3a38279a82f0e5d006d5e5b7d2c,80,4,5.0
7178f9f4dd81dcef02f62acdf8151e01,202,10,4.95
4e7c18b98d84e05cbae3ff0ff03846c2,81,4,4.94
0c7533c71df861ec58ad7ff999ed0e8d,61,3,4.92
cce6ab8d1682639fe45ab70234f1665f,61,3,4.92
1e8b33f18b4f7598d87f5cbee2282cc2,122,6,4.92
7008613ea464bad5cb9b83456e1e6a8f,123,6,4.88
00fc707aaaad2d31347cf883cd2dfe10,103,5,4.85
1838dd9b8977065acf51d95e0053ea7a,62,3,4.84
a3a38f4affed601eb87a97788c949667,251,12,4.78
7299e27ed73d2ad986de7f7c77d919fa,335,16,4.78
36a968b544695394e4e9d7572688598f,148,7,4.73
febab0275244b9a49a623f0bd613ca2f,106,5,4.72
4d6d651bd7684af3fffabd5f08d12e5a,363,17,4.68
bd23da7354813347129d751591d1a6e2,86,4,4.65
aafe36600ce604f205b86b5084d3d767,129,6,4.65
710e3548e02bc1d2831dfc4f1b5b14d4,131,6,4.58
de722cd6dad950a92b7d4f82673f8833,337,15,4.45
94144541854e298c2d976cb893b81343,68,3,4.41
ca3bd7cd9f149df75950150d010fe4a2,68,3,4.41
7b07b3c7487f0ea825fc6df75abd658b,91,4,4.4
c33847515fa6305ce6feb1e818569f13,114,5,4.39
669ae81880e08f269a64487cfb287169,161,7,4.35
53243585a1d6dc2643021fd1853d8905,348,15,4.31
80e6699fe29150b372a0c8a1ebf7dcc8,96,4,4.17
9de4643a8dbde634fe55621059d92273,72,3,4.17
9d4db00d65d7760644ac0c14edb5fd86,97,4,4.12
9e6229250fedbe05838fef417b74e7fb,73,3,4.11
080102cd0a76b09e0dcf55fcacc60e05,122,5,4.1
25cf099de44674fde97473224f9d59ab,50,2,4.0
d94a40fd42351c259927028d163af842,100,4,4.0
dfa0c4c6229ab200a4a1336b4d7128ff,77,3,3.9
6b243f80ed07b10f0e8aa0f21a205f3c,79,3,3.8
0db783cfcd3b73998abc6e10e59a102f,132,5,3.79
6c177e38df6d3f34182b1f1d427231bf,53,2,3.77
750303a20e9c56b2a6bc45cdce0b897d,53,2,3.77
062ce95fa2ad4dfaedfc79260130565f,54,2,3.7
dbb9b48c841a0e39e21f98e1a6b2ec3e,108,4,3.7
0b90b6df587eb83608a64ea8b390cf07,163,6,3.68
db4350fd57ae30082dec7acbaacc17f9,136,5,3.68
ebd2d60905fb58271facef5596b620d3,82,3,3.66
0432ead42b6c8a0bdf68154add917fdf,82,3,3.66
eeb6de78f79159600292e314a77cbd18,82,3,3.66
85d9eb9ddc5d00ca9336a2219c97bb13,499,18,3.61
9674754b5a0cb32b638cec001178f799,84,3,3.57
562fc2f2c2863ab7e79a9e4388a58a14,255,9,3.53
1c68394e931a64f90ea236c5ea590300,142,5,3.52
44073f8b7e41514de3b7815dd0237f4f,142,5,3.52
376a891762bbdecbc02b4b6adec3fdda,57,2,3.51
95e03ca3d4146e4011985981aeb959b9,172,6,3.49
c864036feaab8c1659f65ea4faebe1da,58,2,3.45
c6bda72e4dbf5c5866b13cb1810c6d03,59,2,3.39
fcb5ace8bcc92f75707dc0f01a27d269,59,2,3.39
5cf13accae3222c70a9cac40818ae839,148,5,3.38
86ccac0b835037332a596a33b6949ee1,178,6,3.37
91f848e9f4be368f4318775aac733370,60,2,3.33
709e16e2b25c7474d980076c6bfc4806,60,2,3.33
d57e18d5f73c7ccb7f7339b61166898d,61,2,3.28
2a84855fd20af891be03bc5924d2b453,155,5,3.23
b92e3c8f9738272ff7c59e111e108d7c,62,2,3.23
ff063b022a9a0aab91bad2c9088760b7,94,3,3.19
b76dba6c951ab00dc4edf0a1aa88037e,157,5,3.18
8a32e327fe2c1b3511609d81aaf9f042,126,4,3.17
520b493b57809f446cb0a233bb3e25c7,63,2,3.17
76d64c4aca3a7baf218bf93ef7fa768d,64,2,3.13
d566c37fa119d5e66c4e9052e83ee4ea,65,2,3.08
5c243662ce92d84573bfaff24c3e3700,98,3,3.06
066a6914e1ebf3ea95a216c73a986b91,66,2,3.03
48162d548f5b1b11b9d29d1e01f75a61,66,2,3.03
7722b1df1b0e383e000397b2c11e3e19,133,4,3.01
966cb4760537b1404caedd472cc610a5,67,2,2.99
ac3508719a1d8f5b7614b798f70af136,101,3,2.97
9646c3513289980f17226a2fc4720dbd,69,2,2.9
aaed1309374718fdd995ee4c58c9dfcd,104,3,2.88
30a2f535bb48308f991d0b9ad4a8c4bb,71,2,2.82
1127b7f2594683f2510f1c2c834a486b,110,3,2.73
17ca9b9e9b9ef8fdb529001b49ebb50f,115,3,2.61
37be5a7c751166fbc5f8ccba4119e043,269,7,2.6
e26901d5ab434ce92fd9b5c256820a4e,197,5,2.54
dbc22125167c298ef99da25668e1011f,394,10,2.54
080199a181c46c657dc5aa235411be3b,79,2,2.53
c3cfdc648177fdbbbb35635a37472c53,278,7,2.52
cab85505710c7cb9b720bceb52b01cee,201,5,2.49
ce27a3cc3c8cc1ea79d11e561e9bebb6,122,3,2.46
8bb48dc19fccaa8613b6229bf7f452a2,82,2,2.44
d98eec89afa3380e14463da2aabaea72,168,4,2.38
609e1a9a6c2539919b8205cf7c4e6ff0,87,2,2.3
06e5eefc71ec47ae763c5c6f8db7064f,90,2,2.22
259f7b5e6e482c230e5bfaa670b6bb8f,136,3,2.21
b4ffb71f0cb1b1c3d63fad021ecf93e1,143,3,2.1
6cd68b3ed6d59aaa9fece558ad360c0a,149,3,2.01
751bdc4d83a466c7206cd42e8f426b03,51,1,1.96
b1a81260566c1bac3114a6d124413f27,51,1,1.96
33a6f4b1e7cdc205511e76ba1b6e0186,105,2,1.9
a5cba26a62b8b4d0145b68b841e62e7f,53,1,1.89
612170e34b97004b3ba37eae81836b4c,107,2,1.87
2dee2ce60de9709b1a24083217181a1f,54,1,1.85
289cdb325fb7e7f891c38608bf9e0962,109,2,1.83
1b8356dabde1d35e17cef975c3f82730,55,1,1.82
6c7d50c24b3ccd2fd83b44d8bb34e073,112,2,1.79
0ea22c1cfbdc755f86b9b54b39c16043,234,4,1.71
582d4f8675b945722eda7c0cb61ba4c7,59,1,1.69
229c3efbfb0ea2058de4ccdfbc3d784a,118,2,1.69
8ae520247981aa06bc94abddf5f46d34,65,1,1.54
9d5a9018aee56acb367ba9c3f05d1d6a,66,1,1.52
cb8bcce248bb1fb274ba762d8b971456,66,1,1.52
12b9676b00f60f3b700e83af21824c0e,133,2,1.5
822166ed1e47908f7cfb49946d03c726,69,1,1.45
d12c926d74ceff0a90a21184466ce161,76,1,1.32
d921b68bf747894be13a97ae52b0f386,77,1,1.3
744dac408745240a2c2528fb1b6028f3,78,1,1.28
0df3984f9dfb3d49ac6366acbd3bbb85,86,1,1.16
725c32fa80c2faacc4fc88450d27314e,89,1,1.12
530ec6109d11eaaf87999465c6afee01,94,1,1.06
8c16d1f32a54d92897cc437244442e1b,108,1,0.93
0bae85eb84b9fb3bd773911e89288d54,136,1,0.74
f3b80352b986ab4d1057a4b724be19d0,86,0,0.0
cc63f0dd2acba93ffed4fe9f8e0321fa,55,0,0.0
57e632711dec9ec14ca7546769483e7e,62,0,0.0
2b3e4a2a3ea8e01938cabda2a3e5cc79,52,0,0.0
3504c0cb71d7fa48d967e0e4c94d59d9,53,0,0.0
9616352088dcf83a7c06637f4ebf1c80,91,0,0.0
fa1a9dec3a9940c072684a46728bf1fc,55,0,0.0
fc906263ca5083d09dce42fe02247800,112,0,0.0
e882b2a25a10b9c057cc49695f222c19,57,0,0.0
b372ee768ed69e46ca8cdbd267aa7a38,63,0,0.0
