review_id,category,summary
e64fb393e7b32834bb789ff8bb30750e,good experience,Received earlier than expected.
f7c4243c7fe1938f181bec41a392bdeb,good experience,Positive online purchase experience.
8670d52e15e00043ae7de4c01cc2fe06,wrong/missing item,Brand mismatch on delivered device.
4b49719c8a200003f700d3d986ea1a19,product quality,"Device freezes, but acceptable price."
3948b09f7c818e2d86c9a546758b2335,good experience,"Reliable seller, on-time delivery."
9314d6f9799f5bfba510cc7bcd468c01,late/not received,"Customer wonders why this order was not received, unlike previous ones."
373cbeecea8286a2b66c97b1b157ec46,other,Customer expresses dissatisfaction with the purchase.
d21bbc789670eab777d27372ab9094cc,good experience,Customer gives the store a perfect rating.
0e0190b9db53b689b285d3f3916f8441,good experience,Customer thanks for the assistance received.
fe3db7c069d694bab50cc43463f91608,good experience,"Customer praises easy purchase, early delivery, and product quality."
e07eee7ad7666276bd8b27fbd83fd1ff,product quality,Watch is very pretty and cheap.
2c5e27fc178bde7ac173c9c62c31b070,wrong/missing item,Received wrong item.
58044bca115705a48fe0e00a21390c54,late/not received,Product not received after deadline.
c92cdd7dd544a01aa35137f901669cdf,good experience,Received as expected and on time.
08c9d79ec0eba1d252e3f52f14b8e6a9,good experience,Recommend the product.
2170c9452c2216457b36003fe2969fbb,product quality,Positive comment about product quality.
b193ff3c9f32a01f3a0d9ae26b94d244,good experience,Positive review praising store reliability.
9fd59cd04b42f600df9f25e54082a8d1,late/not received,Order has not arrived.
86c5cfa7fcbde303f704b60a78ced7d6,product quality,Positive product quality comment.
890ec1767be8eb104877db6d68eaade5,good experience,Positive review about early delivery and product.
7d9ac3e98adc0c8ad579e6a2257d79f9,good experience,Smooth and efficient purchase process.
c41bd21983e298a240410ebb391bf075,product quality,Hope it lasts due to fur material.
e233e51d11511bf30e568c76360ace52,wrong/missing item,Received only one controller; remote missing.
3d94fd645cdaacc8c9f0dc0a2a1f5166,good experience,Positive feedback.
500c05500aa275953129f49799ee5c73,good experience,Very nice product.
6a0969d0769d2f3ff6438809a1cc455e,good experience,"Delivery met expectations and arrived early, satisfied."
8a64945e89526e68bc16383391590232,product quality,"Loved the product, found it beautiful and delicate."
c0dbf9a325d2a2fece43873be47191e1,good experience,"Fast delivery, well-packaged quality products, but shipping cost high."
109b5ce2dd11bb8460eff3b86da6fefc,good experience,Recommends the seller.
6d06808638ec0701bccd70bc8d462c28,late/not received,"Product arrived late, causing travel disruption."
750d4311e8ddb6cba549ee86f06f0cca,good experience,Product delivered quickly and as requested.
8b230a1373c6dc4bd867099fda1d7039,wrong/missing item,Received only one of two purchased items.
cb2fc3e5711b5ae85e49a1ee18af63ed,wrong/missing item,Item received does not match advertised photo.
60c714ed14cef913944a3147094a4742,product quality,Poor quality and workmanship.
c45811d9f90e22a81155b3a1e4a5c2e8,good experience,"Beautiful kit, great for grandchild."
e29ab4a671400c41322e4855de633c6a,good experience,Positive review praising product.
0bd4dcc4f6c4621baf37f73495cad8c4,good experience,Delivery on time.
888f11883ff85fa5c07e6ae1192d85c4,good experience,Fulfilled promise with satisfactory delivery.
65dfeb60c40e3cbb0a1838285d86f885,other,Refund request not responded.
50a1eaa2f96d6f3e02d0cd68d92bab75,good experience,Very fast delivery.
436f71c9cc0c1aab7f51dc0cd0820516,good experience,Satisfied with the purchase.
97d4feff1fd7129bee6cde095b9dac2a,good experience,Pleased with early delivery and service.
1692078634b63c7f25aa90ee746ec498,good experience,Recommends product.
ff722b4c68783a4459a3adb9bb4e1d0d,product quality,Product arrived but USB ports not recognized.
8055e963f26f70c406ca517b2c2848e6,good experience,High quality product delivered early.
ae728c1061bf163b4bd256ad9ee0bb83,late/not received,Item not delivered.
41926e45719f9b923357ea3bb222195f,good experience,"Fast delivery, praised."
72730619a00e0ecdecf0a4ff862d8996,wrong/missing item,Received only two of three packages.
c5d83c2523ef15209c8faf5133a7bafb,wrong/missing item,Missing product received today.
766fc608e4f2683020fb0a121d9db23e,good experience,"Product as advertised, fast delivery."
5c37d7ba6ef2f031c34bb4fda3454018,late/not received,Delivery took too long.
83414f98136ce687f7eb69e555b2519c,good experience,"Fast delivery, arrived earlier than expected."
46d8249ea59101c7288936c3e6f155d7,wrong/missing item,"Delivery split into two, no communication, seemed only part of product sent."
346317f9aff540395fe46893611854f8,product quality,Product doesn't work or sync.
2685a4800004a12ec09d27264ff1915f,good experience,Highly recommend to all customers.
c422274e50e900b46fee429016c5458d,good experience,Liked the product.
3f6d9482c57cdb5fc7012f7b9b5ed4c5,good experience,Great product.
a55012f5c7e74353e92986be15d133b6,product quality,Liked the bath set's design and quality.
487f8ff16eaf366dc7c01652202048c3,wrong/missing item,"Only one piece arrived, missing one jewel."
ef8ae544c432bb1053ba5990bd0d6227,late/not received,"Did not receive product, system says received."
aaab917291fea34988b9a0cb60e0716f,wrong/missing item,"Received wrong gender watch, smaller than advertised."
3f73914ab5fc1cd68ad6757c93644349,good experience,Positive review praising the online store.
e2fd85e5df711bd91e6e96e13c741843,product quality,Excellent product quality.
42ae74a43661be8587b2e2db054179db,good experience,Great value for money.
d8f61c7fcd172785563a65cd65a8cea8,other,Neutral review.
79927442ebcbf70b2021e1339bb9a51b,good experience,Positive feedback on delivery service.
14613df954694f243dedeaa2c8a3a5c2,product quality,Item arrived damaged due to poor packaging.
5f938e5f5f2e9a75710b54feeb9ea610,wrong/missing item,Item did not fit.
d7ea05bb4f9c77d606fd90b1a27e317d,late/not received,"Delivery delayed, not received."
185cb85ede91009d7a8e685687c037ee,late/not received,Product not received after 30 days.
0c9b6ca9b3beaf0fd5d621f63844ea01,late/not received,Customer expects delivery this week and worries about further delay.
c399eafa15aafaecdd1d9008f5b34ed6,good experience,Customer received the order on time and is happy.
8ef36616bef00398b6e413c124f436c8,product quality,Customer loves the beautiful watch.
57e994485c2ebd293e4fa9cd62e5bb96,wrong/missing item,Customer received only one of two ordered pendants and has not received a response.
59d95e0b5b52d038dc3a022b7c912969,product quality,Customer praises the high quality.
a0adf7a439816b22050d6bf433cbbff6,good experience,"Nice product delivered on time, highly recommended."
93fbbe62dcf6ffac99be013a1c68eb52,good experience,Very good product.
c40a6b6e0181e5ec0d12cbc2e12c49d3,wrong/missing item,Missing item and one broken.
5241fcad10d7b45a1761f1e1e1536faa,good experience,"Arrived on time, excellent quality, relieved back pain."
06f47dacd0575e592bf6a17e922ce6cd,late/not received,Product not received yet.
d36219dfadc3a5b07ab66670d23915ad,good experience,Positive overall experience despite tracking issues.
5230dc021b8ce3fe53ed728af873a6d1,other,"No experience yet, hasn't tested product."
4656b8ed41c17f6be05e911e211ecd8f,other,Just started using product.
8ef0597f9b1870cf46c81358425f0e24,other,No comments.
6b341682ab39af9fa00d72d7388c903b,wrong/missing item,Received wrong item inside.
e4f0765c572989acb3d2d17c911ccce4,good experience,Fast delivery.
557ae9c16a8ea3909db2fc5a01bc5151,late/not received,Delayed delivery of some items.
5939898b5d2ac05454b2fe1aeecaad19,product quality,Good quality product.
cde97e23deec3aa11e838402378706ee,late/not received,Awaiting product arrival.
3ff8285931cc9b54c9ad22ba78957f63,wrong/missing item,Missing one of two purchased items.
fdb0e5a14fb6456e28ce7b3b054b8843,late/not received,"Delivery was almost a month late, so not recommended."
7914fa319f12631679d1704d7dcd17df,good experience,Recommends the store.
deb6f26fd2c11c556bc9245fd9203469,good experience,Met expectations.
6591adaa3a855d13090d5fd151ad96c2,good experience,Delivered early and product is practical.
c4a20a1d2d634f814cca9311edd60e99,wrong/missing item,Great product but manual missing.
81e7291e2f92b492eb0340f4406c6897,wrong/missing item,Piece had wrong diameter and required modification.
eb6d75bedecae7b3dbea11b8530637d8,good experience,Excellent product.
593f9b33c3a4c74e37b7b7c49f0cedc4,good experience,Everything is fine.
a36150969fe6bd09ed011dd78aeb0189,late/not received,Delivery delay and poor service.
2c303fb6b2f9c16f324f7deb88e736fe,good experience,Product very good.
43992f6d75ecc01ddd8c748b9362bc81,late/not received,"Product hasn't arrived, tracking stuck in Ribeirão Preto."
8b4c14417bccab81710772ecb8b23fd6,product quality,Product defective on first use.
3528296df9092b7a7b88bd036e3f8a8e,good experience,Highly recommends professional quality product.
252b934455d29ca8cc070504686ecc52,late/not received,Product not received yet.
b736ff4204044e49e39062584d06fa74,wrong/missing item,Received a different product than advertised.
c7475b2c4448321756b6136327f1394e,good experience,Fast delivery and satisfied with product.
44cdb9cb9c9f8d6bcea59e0b61b8df6a,good experience,Product arrived in good condition.
927eaaaaeebc8579c91927f2d0b40049,good experience,Excellent product.
65b934c20d632fc2df0fd4723464fa78,other,"Box was swapped, but product was correct; system down when trying to complain."
af9e54a155c1248534f1fa60179c6393,good experience,Very satisfied with purchase.
ea12cd666e65ef6cfc48e7ddd8596833,late/not received,Praises store but notes delay.
8023f946d9b261cb0ecb604703427917,good experience,Delivered on time with good shelf life.
4faa35770cc4dbf5f2725bcebdd1bdc6,good experience,"Loved the towel set, even prettier than photos."
c239d18d7e310e477d5e7b76b362db1d,wrong/missing item,Handle missing a fixation pin.
b3df5ccdfff218d039dd166e3da759f5,late/not received,"Delivery delayed, tracking misled."
c11da18223114c483b887b9914045f79,late/not received,"Product takes almost 30 business days to arrive, shipping is expensive."
6f885e2fd69412264d9e74e805175d53,wrong/missing item,"Received wrong product, different model and color."
b83ba2a97932a8a661f5bf8eac7642bd,good experience,Satisfied with purchases from Stark.
a6c58307ee35180cf0dc1d39466db359,good experience,"Purchase went smoothly, grateful and trusting."
f7eb8792e67d53e01a224bfa9b6802b2,other,"Order cancelled before delivery, unclear about charges."
4940d39efaa50e020312724f6a6e5efa,good experience,"High quality product and early delivery, recommended."
7bd303edd3865abe8addb98d2a2e6577,good experience,"Good product delivered on time in 8 days, praised."
11caa17c5966423a2f73ded6a13ad638,good experience,"Everything fine, reliable deliveries."
4dd68a0dee5ede8a445f797c46bca436,product quality,"Finish differed from photo, synthetic and blurry, unsatisfied."
f55ac350831de6694d569e9c0176dacd,late/not received,"Three items arrived separately on different dates, not together."
2b4a570df87cd63b232272dd9dcac0cf,other,Review content unclear.
3fb929ba2924ff0a47858efb007ceee1,good experience,Fast delivery praised.
d0c2b9d96c387604a96ae43e7126cf9b,good experience,Positive experience.
58b27f28e98acdaec89d736d8ed79dd5,good experience,Correct item delivered on time.
96ee030286f50f61c6d199bdfaa5573d,product quality,Very bad product quality.
6280ca6a9e8c3a56b668ec8c5396caaf,late/not received,Delivery was later than expected.
968989a3b5192c9b9436fe7546acaca4,wrong/missing item,Received incorrect quantity of capsules.
dc92cf357f5eb4d61b6a95fed53d17e1,good experience,"Delivered earlier than expected, great experience."
382d855ffdd4f5e66594dbfb1566e96f,good experience,Satisfied with honesty and service.
06aa3111724159bb69b8568181ec05c4,good experience,Fast delivery and good purchase experience.
3db041dd46e9935752c691a2093799c2,product quality,"Product not recommended, poor quality."
9ad64902b6c9bfad48bbe4d17e4dcb4b,good experience,"Fast delivery, praised."
6aba6ff5d6b3f6762a2ad9a9f1fbdfcf,good experience,Fast and efficient service.
8f9aa50ee40780ba3f79614530a34ebe,good experience,Wonderful product and fast delivery.
f3f77d01a24ce4da52b6f7e83e71498d,other,"Unable to cancel or return product, no response."
2fe0ca8fe19ae1ab68408a1235bbd054,good experience,"Product arrived today, no comments."
b396ba75350276a6cc1993b6627dceea,product quality,"Defective watch, unsatisfied with product quality."
610a49f3e897c9295111d0a8c0d6e65b,good experience,"Very good product, met expectations."
f3401a1de0c152923ba58cf7b7d2b84a,product quality,Protective cover quality below expectations.
ef9ef383ff6625e8e118db388ad3420d,product quality,Product appears better quality on the website.
5d6f9cddc8335878d8bf20c3bd4602e8,good experience,"Product received on time, satisfied with quality, highly recommend."
f4d74b17cd63ee35efa82cd2567de911,product quality,Packaging was damaged but product remained intact.
3a336941a21a96535c9b70e3d28be499,good experience,Product delivered early and met expectations.
d31fe8f01470eff5b2a3668c9a328913,good experience,Recommends product.
f677a419ee4910ae12bf8cb73dc0d332,wrong/missing item,Missing cables and manual.
2e21bb397364fa799a4a1609fd2e6e3b,good experience,Great product arrived early.
670e12015ba4dca0bc1d220aaf5c19f9,good experience,Product delivered on time and good.
7cae6dc895e8f5238f2300e103742ce2,product quality,Poor packaging caused damage; product not tested yet.
5e5ae81fbed794a34c7b44744b168a5f,other,Suggest using sedex instead of pac.
af41ee42a3e2dc767023449fda6c12fa,late/not received,Order hasn't arrived after a month; will seek rights.
d28138dcbee5d50ca9dddb812d21ce85,wrong/missing item,Missing instructions for bracelet replacement.
cc4e1115d5c84efa5976f12404569949,good experience,Product met description and arrived early.
07b48dbc11677f5021dbefcaba550ed2,good experience,Early delivery and excellent service.
4f2d420b33665f546c373953c8dfb5fd,product quality,Poor material quality.
bfd1c687738141ef5861a1a1269ca855,wrong/missing item,Only one of two items delivered.
6724babb3b9952660bc345b5f5a4db07,late/not received,Customer unhappy with long delivery time and brand.
c5efc0219f2949a8f81d5e8b39b9ca0c,good experience,Product received correctly.
830cc72c5691e78c2cde500865e21e65,good experience,"Product arrived on time, not yet used."
8a310b56e4d05a7786d23986a1a49ae9,good experience,"Order arrived early, very good."
d44b85fda6987ad606e1b7c62dd481e4,good experience,Product delivered as advertised.
5c1ba09de5c746017d406bd2cfefeca3,wrong/missing item,"Received only one piece, missing the second."
5fb1fed9d3ca845936082614bd07cec2,other,Mentions store number 10.
700135724fcdc3170960fd95b8fb5904,product quality,Guitar looks good but sticker color mismatched.
b54c1776f5955ced2f54c711c665a025,other,Invoice not provided.
264527c876f418e7b43e09f0079942e2,good experience,Arrived early and product excellent.
d6c0b888949f0c3f236d67f588913930,good experience,Positive review praising professionalism and recommending the store.
f4d2c6ed9bebda9d41573e30f3d629b5,product quality,"MP3 player defective, had to return."
91283389ca8846dd242990c799a85f5e,good experience,"Highly recommends product, very good."
5159ec80ded330546c2f4a3d23c911d2,good experience,Pre-workout product praised as very good.
308400be88a43702db20fbb71b6cff74,late/not received,Shipping took a bit longer than expected.
557d0e6fe3a03460bb041cd5b3f7427d,good experience,Positive review praising service and product quality.
513f392b12d02aef2c303846b4710eb6,good experience,Positive review about fast and smooth delivery.
949127f36b466d3e93a6f3688062cd77,good experience,"Brief positive review, everything ok."
341ccd0a62b82793121e9ebdd1eafaf9,late/not received,Complaint about non-delivery and false tracking.
396ca63a1ddba5ae532c35316166b90f,good experience,Positive review about delivery and product quality.
6d1e743b69d68d1864f8cb45e74be0d2,good experience,"Excellent product, highly recommended."
0272d07f5d34a8c3d31272e7ff967e7b,product quality,Bag lacks lining and is fragile.
320ae91d4c5cb8164c168fc68392a5fb,product quality,"Cartridge was empty, printer error, requested replacement."
80d8874af03512892908e3910ca8ed00,good experience,"Very good product, recommended."
6d7d0a5e33c92adf782b137720eeefa6,product quality,"Site excellent, but product is weak."
5f8ed42b9eee8adbd7344caca4ca507e,good experience,Positive overall experience.
e5a35475f7efa7f6abac5febba3fb464,good experience,Satisfied with sbmarino.
b92b5b1122f1298b87bc7882115db417,wrong/missing item,Missing second leather cover.
92e62e4f3ea203ac193f3271d85b11ea,good experience,Liked the product.
f922b9d00a755863556181c1a366193d,wrong/missing item,Missing top sheet.
49f6f0bbf53f6d961deefc4d2fb0a6cd,good experience,Headboard arrived early and looks beautiful.
7c43af1205ff01c2b95065b2b02b3343,late/not received,Product delayed due to delivery confusion but eventually arrived.
3140a4eb146655fe104d54d385f9e9a0,other,Rating of 10 provided.
6b15d200f47b4e13b03d237fd0b1894e,good experience,"Product liked, arrived on time, sellers praised."
c25f2dc8ab33facf7a72f76c8a47d75a,good experience,Excellent customer service.
fa82e03e20dd362ebe83572fc81398c7,good experience,"Positive feedback, liked the product."
f8499130452fd0f108a9a24454f51c32,product quality,"Strap broke quickly, poor durability."
72093b147d797e6abbdf569bf07bf57f,good experience,"Positive review of towel, very satisfied."
4292f07bf6cb46aa563a430e6d9cf10b,good experience,Early delivery and satisfied with product.
1545c0d2c381662ba869e91e4c1aaca1,late/not received,"Awaiting delivery, no issues yet."
